model_name,Loss,Accuracy,Macro Av Precision,Macro Av Recall,Macro Av F1,Precision Class 0,Recall Class 0,F1 Class 0,Precision Class 1,Recall Class 1,F1 Class 1,Precision Class 2,Recall Class 2,F1 Class 2
initial model,1.2205442190170288,0.39,0.5663063063063063,0.4224400871459695,0.30730005367686525,0.28,0.3333333333333333,0.30434782608695654,1.0,0.022222222222222223,0.043478260869565216,0.4189189189189189,0.9117647058823529,0.5740740740740741
set_15_lr1e-06_gracc1_bs32_te50_note/checkpoint-6250,1.2323776483535767,0.54,0.5625346183671208,0.5456893868658574,0.5203694134822797,0.5294117647058824,0.42857142857142855,0.47368421052631576,0.6666666666666666,0.35555555555555557,0.463768115942029,0.4915254237288136,0.8529411764705882,0.6236559139784946
